﻿ProjectId,DesignElementId,ElementTypeId,ParentDesignElementId,StartingDate,DueDate,Name,Description,CreationDate,UpdateDate
26888,2,1,41,,,Minimap,Ressources- https://youtu.be/ktTegOCaffw- http://answers.unity3d.com/questions/14733/how-would-i-do-fog-of-war.html,5/2/2017 11:31:54 AM,3/19/2018 1:57:39 PM
26888,3,1,41,,,Inventory System,https://gamedevelopment.tutsplus.com/articles/designing-an-rpg-inventory-system-that-fits-preliminary-steps--gamedev-14725https://gamedevelopment.tutsplus.com/articles/designing-an-rpg-inventory-system-that-fits-echoes-of-eternea--gamedev-14947Brainstorming- Layout like - http://i.imgur.com/cTAhHnn.jpg- A small robot can not carry much items - unless he has a system which manipulate the weight or dimensions of items and make them smaller or less heavyInventory Analyze of other gamesPOE- easy movement of item strg+mouse1- endless stash tabs- special stash tabs- items have different size,5/2/2017 11:32:09 AM,3/19/2018 1:57:39 PM
26888,5,1,41,,,Loot,,5/5/2017 6:30:00 PM,3/19/2018 1:57:38 PM
26888,6,1,41,,,Fight,,5/5/2017 6:30:35 PM,3/19/2018 1:57:37 PM
26888,7,1,41,,,Movement,,5/5/2017 6:33:04 PM,3/19/2018 1:57:37 PM
26888,8,1,41,,,Bank,,5/5/2017 6:36:13 PM,3/19/2018 1:57:39 PM
26888,9,1,41,,,Level up,,5/5/2017 6:37:03 PM,3/19/2018 1:57:40 PM
26888,10,1,41,,,Quests,,5/5/2017 6:37:16 PM,3/19/2018 1:57:40 PM
26888,11,1,41,,,Random Level Generation,,5/5/2017 6:39:37 PM,3/19/2018 1:57:40 PM
26888,12,1,41,,,Ressource Management,,5/5/2017 6:40:36 PM,3/19/2018 1:57:39 PM
26888,13,1,41,,,Crafting,"General overview of different crafting systems: https://gamedevelopment.tutsplus.com/articles/5-approaches-to-crafting-systems-in-games-and-where-to-use-them--cms-22628Brainstorming- Item based system with chances. - Items are made of items - with a recipy- Items have a quality (grey, white, green, blue, orange, pink)- If you make an item out of good item your chances are good to get a good item- Deconstruct of an item has a chance to find a new reciepe or a part of a reciepe",5/5/2017 6:40:46 PM,3/19/2018 1:57:36 PM
26888,14,1,41,,,Random Events,,5/5/2017 6:46:38 PM,3/19/2018 1:57:39 PM
26888,15,1,16,,,Direct Damage,,5/5/2017 6:47:40 PM,3/19/2018 1:57:37 PM
26888,16,1,41,,,Damage,,5/5/2017 6:47:52 PM,3/19/2018 1:57:37 PM
26888,17,1,41,,,Item Equipment System,,5/5/2017 7:00:56 PM,3/19/2018 1:57:36 PM
26888,18,1,41,,,Skill System,,5/5/2017 7:02:24 PM,3/19/2018 1:57:36 PM
26888,19,1,6,,,Boss Fights,,5/5/2017 7:10:19 PM,3/19/2018 1:57:38 PM
26888,20,1,41,,,Menu System,,5/7/2017 8:04:50 AM,3/19/2018 1:57:39 PM
26888,21,1,41,,,Enemy Spawn System,,5/7/2017 9:08:48 AM,3/19/2018 1:57:36 PM
26888,22,1,5,,,Loot Enemies,,5/7/2017 9:41:04 AM,3/19/2018 1:57:38 PM
26888,23,1,5,,,Loot destroyable objects,,5/7/2017 9:41:22 AM,3/19/2018 1:57:38 PM
26888,24,1,5,,,Loot interactable objects,,5/7/2017 9:41:33 AM,3/19/2018 1:57:38 PM
26888,25,1,41,,,Dialog System,The dialog systems allows panels to let the player interact with all kinds of functionality- Windows can be moved- Windows can be closed- Windows size can be changed - min and max is defined,5/7/2017 10:47:29 AM,3/19/2018 1:57:39 PM
26888,26,1,41,,,Level/Map Instantiation System,"General- Player starts on a home level - no enemies - no fights- Levels are created with Dungeon Architect- A level can be persistent with four informations  - Scene name  - Theme name  - Seed  - Enemies and objects as a saved package- Algorithm of level creation is defined in the Dungeon Architect Theme- A ruleset has a version. Old versions can be used until they are marked as deprecated- The ruleset defines a level metadata wich will be generated in the database and transfered to the client as json file- The metadata includes - Kombination and position of levelareas (Street with a house or lake with trees) - Position and type of Enemyspawner - Position and type of random props (Crates, junk, etc.)- In addition all changes a player makes in a level will be stored as a seperat list- The seed in combination with the ruleset version creates always the same level. The additional list of changes makes the level persistent- A level/map has a level (e.g. 10) - this determines the level of the enemies and dropsLevel Tile- On the level tile are different objects - fixed objects like houses and trees - object spawner for movable objects like crates and chairs - enemy spawner for enemies- level tiles are in a specific theme- this themes define the general layout of the level - industrie complex with streets or riverbed with trees",5/13/2017 8:42:03 AM,3/19/2018 1:57:35 PM
26888,27,1,43,,,General Brainstorming,Brainstorming- Perhaps are the level in a diorama like in Wartile (http://www.wartile.com/) or like the Dioramas in Starwars Battlefront- Start of the game - create a storyboard  - Black screen - slowly are more and more details  - Very far sound - muffled conversation  - Voice 1: Hey look what I found!  - Voice 2: Looks like a small robot!  - Voice 1: Who left him here?  - Voice 2: Is he allright?  - Voice 1: He has no energy!  - Voice 2: Do you have a battery?,5/13/2017 2:47:33 PM,3/19/2018 1:57:33 PM
26888,30,1,43,,,Story,"You are a robot. Why? You will find out - soon!POE meets Unity!- Start of the game - create a storyboard   - Black screen - slowly are more and more details are showing up  - Camera effekt is out of focus - and gets sharper and sharper   - While the camera moves slowly over the terrain  - Very far sound - muffled conversation - sound comes nearer and clearer  - Voice 1: Hey look what I found!  - Voice 2: Looks like a small robot!  - Voice 1: Who left him here?  - Voice 2: Is he allright?  - Voice 1: He has no energy!  - Voice 2: Do you have a power cell?  - Voice 1: Yes, I can connect here!  - Voice 2: Is it working?  - Voice 1: Yes it looks like.  - Slowly are starting sounds hearable. Like an old computer.  Drrrr - rch, rch, rch - peep  - Voice 1: He is booting  - Voice 2: Quiet - they are coming  - Voice 2: Come on - we must hurry  - Voice 1: He is to heavy to carry  - Voice 2: Come on - we'll get him later  - Voice 1: Bye bye Mr. Robot  - Camera show now the robot in detail - it is a ball robot with a small light slowly flashing  - Camera moves slowly up to ""Play"" distance  - Player can play - gets tutorial information",1/8/2018 11:39:19 AM,3/19/2018 1:57:35 PM
26888,32,1,43,,,OnePager GDD - Path of Unity,"**Project** Path of UnityPath of Exile in the Future!Mindmeister Map - https://www.mindmeister.com/1019296129**Genre:** Action RPG - fixed camera**Target Audience:** All People**Controls:** Mouse & Keyboard**Thematic Setting:** Futuristic, technical style**Tech Stack:** Unity, Blender**Platform(s):** PC**Game Moment:** 2 minutes of fighting against different enemies, looting and character improvement**Game Summary:**You start on a tutorial level, where you lern to move, fight and craft. After that you get the possibility to ""jump"" anywhere on your current planet and later to even other planets. As far away a planet is, as stronger are the enemies.In your loot you find hints for other interesting points where you can find things for your progress. Perhaps you find a direct address or you find pieces, which you can craft to a concrete address. Fight in a level, loot it and go on to the next destination. All these destinations are small areas under a special theme or idea. Like in POE, you have different places with totally different characteristics.**Core Player Experience:** Fighting, Looting, Crafting to get stronger to defeat stronger enemies**Central Theme:** Crafting is essential to get good new loot - and to get stronger**Design Pillar:** Crafting is half the game**Anticipated Remarkability:** Crafting itself is fun**Anticipated Steam Early Access Launch date:** None**Feature Development Priorities:** - Fighting- Looting- Crafting- Randomized Level**Comparative Products:**- Diablo/Poe for fighting and looting- FF15 Online for crafting",1/11/2018 7:03:39 PM,3/19/2018 1:57:33 PM
26888,33,1,41,,,Player,"Player Avatar- The player avatar is a robot- He has a case with restricted space- The player decides which components/moduls he adds to the case- The moduls defines what the player can do with his robot- Its possible to create a robot which can do all kind of stuff - but perhaps its better to create specialist machines- There are three main ways to concentrate a robot possibilities - Fight - mellee or long distance - Scanning - near or long range scanner - Recycling - fast or specificRobot Modules- General - every module is made of other modules - the quality of the sub modules determine the quality of the main module - CPU - intelligence, speed, cleverness - RAM - speed, multitasking, amount of values - HDD - amount of values,  - General Electronics - - Movement- Fighting- Scanning - Long range - Short range- Recycling - means get ressource out of an item - Amount of Separators decide how many different ressources can be recycled of an item - Quality of Seperators determine how much of the existing ressources can be recycled Case Types- The case type is represented by a specific 3d model- Some of the item in the slots are outside viewable - weapons, scanners, etc.- The case type defines the class of a character - kind of - mixes are possible- A user can switch between case types to do different tasks with the same robot- The case type determines how many slots can used for which purpose- Not every case has every possible slot - it depends on the quality of the case (grey, white, green, blue, yellow, purple)- a slot can have one of three sizes (small, medium and large)##Ball CaseStarter Chassis with only small slots- ball small - 3 slots- ball medium - 6 slots- ball large - 9 slotsLense ChassisSpecialist Chassis - can have medium slots",1/12/2018 8:43:26 AM,3/19/2018 1:57:35 PM
26888,34,1,41,,,Recycling System,,1/12/2018 9:02:04 AM,3/19/2018 1:57:39 PM
26888,35,1,41,,,Items,"- Every item (every) can reduced to his ingredience- Most of the objects in a map can be recycled- If a player have a recipe and all necessary ressources and tools, he can create the item- The more often a player recycled an item, he get the chance to invent the recipe- Every item is of an specific item type and has a defined item qualityItem typesItem level- Normal enemies or chests can only drop items with the same level as they have- Special enemies (Orange) can drop items with one level above their own level- Perfect enemies (Purple) can drop items with two level above their own levelItem quality- Grey - bad item - it is in a bad shape - useable, but not good- White - normal item - you can use it- Green - good item - not to good - but good- Blue - very good item - this is really good- Orange - special item - thats really special- Purple - perfect item - there is nothing betterRessource Definition- Glass   - 70 portions Quartz (SiO2)  - 13 portions Soda (Na2O)  - 10 portions Lime (CaO)  - 3 portions Dolomite (CaMg[CO3]2)  - 2 portions Feldspar (NH4)  - 2 portions Potash (K2CO3)- Stahl = 96 Anteile Eisen, 3 Anteile Kohlenstoff, 1 Anteil Sauerstoff- Polyvinylchlorid (PVC) = 57% Steinsalz = 60% Chlorid, 40% Natrium, 43% Öl = 85% Kohlenstoff, 15% Wasserstoff",1/12/2018 9:02:32 AM,3/19/2018 1:57:36 PM
26888,36,1,43,,,Names and Terms,"List and Description of Names and Terms that are used in this project.**Case**The housing of the players character. It determine the size and amount of useable slots for moduls.**Case Slot**A case has an amount of slots. In this slots can modules take place. Slots are available in sizes small, medium and large.**Modul**A technical device, which do something. Like a case, weapon or drive. Modules can be integrated in slots in a case.**Item**Items are the units which are part of a module. As better the items of a module are, as better is the module itself.**Loot**Items and complete modules can drop from an enemy or a container.**Container**A container can be lootet by the player. There are chests, desks, barrels or other devices that can contain items or modules.**Inventory Slot**If a case hase an inventory module, the size of this module determine the amount of items or modules that can be stored. A module needs more space than an item. Some modules - like recyclers have there own inventory slots. But these can only contain objects that are used as a starting  or as a final product of the system.**Properties**The values of the properties will be defined through the items in the modules in the slots in the case. This values have influence to all things in the game.**Condensator****Capaciter****Battery****Procesdor - CPU****Compensation**Kompensation von Materie - dient zur Lagerung und Speicherung von Objekten in kleinsten Raum. Damit kann Materie in einem Raum gespeichert werden, der kleiner ist als die Materie normalerweise benötigt. Die Materie selbst ist in dieser Form aber nicht nutzbar und muss erst wieder ""entpackt"" werden. Höherwertige Materiekompensatoren können die Materie besser kompensieren und damit mehr Materie im selben Raum aufnehmen.**Carbon** Resource to gather from plants and animals. Needed to craft technical items**Plants**Objects to harvest from the level to make ressources**Generator**Technical object needed for slot-items",1/12/2018 11:30:35 AM,3/19/2018 1:57:35 PM
26888,37,1,41,,,Modules,"Was ist ein Modul?- Es handelt sich um technische Geräte, die in die Gehäuse des Player-Avatar eingebaut sind- Es sind die Dinge, die alle Eigenschaften des Avatars ausmachen- Diese Dinge kann der Spieler sehen, wenn er nah an seinen Avatar ranzoomt- Dabei bestehen die Module selbst aus einem Gehäuse und einem oder mehreren technischen Grundkomponenten- Die Qualität dieser Grundkomponenten bestimmt die Eigenschaften des Moduls- Die Module sind in einem klassischen Rollenspiel die Kleidungsstücke wie Brustrüstung, Schuhe und Waffe- Die Module heißen auch Slot-Items, da sie in Slots innerhalb der Gehäuse gesteckt werden können- Es muss nicht jedes Slot-Item vorhanden sein - wenn es nicht gesteckt ist, kann es nicht benutzt werdenBrainstorming- A module is a technical device which can do something- A module is made up of items- The quality of the items determine the quality of the module- A module can inserted in a slot in a case- A module can be inserted in the hull of the players character, as well as a standalone item standing in the hideout of the playerA Slot Item contains itself different sub modules and they contain components - the components defines the values. This all together define the quality of the modul and the hole player character.- item hull - structurel integraty- item Motherboard - overall values- item CPU - ...- item HDD - ...- item RAM - ...- one or more item specific electronic component - (e.g. chemical recycling unit for a recycler)Modules- Hull - defines mass and storage of other modules - Rahmen/Chassi/Gehäuse - Das Gehäuse besteht aus Metall und schützt die restlichen Slot-Items vor der Außenwelt - bestimmt die Strukurelle Integrität  - Gehäuse-Oberseite  - Gehäuse-Unterseite  - 4x Gehäuse-Seiten- Lagerbehälter Objekte - Materiekompensatoren - Der Lagerbehälter für Objekte kann diese sehr effizient anordnen um den Raum optimal ausnutzen zu können. Dazu werden sehr schwache Subraumfelder erzeugt, die die Masse verringern. hybro compress drive - slot - technical container object - contains other objects- Lagerbehälter Ressourcen - Materiekompensatoren - Der Ressourcen-Lagerbehälter dient den Dingen, die in getrennten Lagerplätzen aufbewahrt werden müssen, da sie sich ansonsten mit den anderen Ressourcen vermischen würden, oder andere Dinge verschmutzen würden. Die verschiedenen Ressourcen werden durch Energiefelder getrennt. Die tatsächlichen Abmessungen der Räume können aufgrund der Mengen der Ressourcen variiert werden.- Antrieb - Der Antrieb bestimmt wie schnell sich die Einheit bewegen kann.- Hover-System - Das Hover-System wirkt sich auf die Beschleunigungs- und Abbremsungs-Geschwindigkeiten aus.- Energiequellen- Motor - Verbrennung - Universalverbrennung - nutzt die umgebenden Stoffe, wandelt diese um und gewinnt daraus Energie- Reaktor - Kernspaltung- Fusion - Kernverschmelzung- Antimaterie- Quantensingularität- Waffen- Projektil - Durch Materiekompensation werden aus der Umgebungsmaterie Projektile erzeugt, die ballistisch verschossen werden - Sie unterscheiden sich in Geschwindigkeit, Kaliber, Materiedurchdringung, Feuergeschwindigkeit- Explosion - Durch Materieauftrennungsverfahren werden Stoffe erzeugt, die bei physischen Kontakt ihre Kernenergie freigeben - bei Aufschlag explosion- Raketen - Lenkbare Waffensysteme, die Hindernisse umfliegen und Gegner verfolgen können- Laser - Durch Konzentration von phonetischer Energie werden Strahlen erzeugt, die in Lichtgeschwindigkeit verschossen werden- Quanten - Durch Konzentration von Quantenenergie werden am Zielort in ""Fast-Echtzeit"" Partikel erzeugt, die Schaden anrichten- Energiedämpfungswaffen/Energiedissipatoren - Entziehen dem Ziel durch einen EMP (Elektro-Magnetischen-Puls) die Energiezuführung - funktionieren nur bei technischen Objekten- Schildgenerator - dient zur Abwehr von äußeren Einflüssen und zur Verstärkung der strukturellen Integrität- Kommunikationssystem- Drohnenkontrollsystem -- Recycling Unit - Replikator - kann Materie durch molekulare Manipulation umwandeln und daraus andere Materie erzeugen- Scanner Boden- Scanner Optic- Abbaugerät- CPU- Input-Output-Device- HDD- RAMWas ist ein Gehäuse- Gehäuse sind Rahmen, die am Raumschiff angebracht werden können.- Gehäuse enthalten Einbauplätze für Module- Gehäuse haben verschiedene Funktionen- Kommando Gehäuse (Vorne)- Transport Gehäuse (Mitte oder beliebige Position)- Antriebs Gehäuse (Hinten)- Gehäuse haben verschiedene Größen- Small - 3 Module- Medium - 5 Module- Large - 10 Module- Gehäuse haben verschiedene Ausprägungen - wie wirken sich diese aus? Pluspunkte auf die Funktion?  - Tactics  - Weapon  - Scanning  - SalvagingEigenschaften der ModuleObject Scanner- Scannt Objekten in unmittelbarer Nähe.- Scann-Dauer - wie lange braucht er für einen Scan-Vorgang?- Scann-Entfernung - wie weit kann er scannen?- Scann-Intervall - wie lange dauert es bin ein erneuter Scann-Vorgang durchgeführt werden kann?- Scann-Qualität - mit welcher Wahrscheinlichkeit handelt es sich um welche Art von Ressource?Long Range Scanner- Zeigt Vektoren von Objekten in hoher Entfernung. Regelmäßiges Scannen ist notwendig um in SRS-Reichweite zu kommen um Koordinaten zu ermitteln.- Scann-Dauer - wie lange braucht er für einen Scan-Vorgang?- Scann-Entfernung - wie weit kann er scannen?- Scann-Intervall - wie lange dauert es bin ein erneuter Scann-Vorgang durchgeführt werden kann?- Scann-Genauigkeit - wie genau können die Vektoren ermittelt werden?- Scann-Qualität - mit welcher Wahrscheinlichkeit handelt es sich um welche Art von Anomalie?- Scann-Empfindlichkeit - welche ""Auflösung"" hat der Scanner. Geringe Auflösung findet nur - Planeten und Stationen. Riesige Auflösung findet Staubkorn. Auflösung nimmt mit Entfernung ab.Antrieb- Bestimmt Beschleunigung und Geschwindigkeit des Raumschiffes.- Beschleunigung - Wie schnell wird die maximale Geschwindigkeit erreicht?- Bremsleistung - Wie schnell kann das Schiff gebremst werden?- Geschwindigkeit - Wie hoch ist die maximale Geschwindigkeit?- Belastbarkeit - Wie lange kann die maximale Geschwindigkeit geflogen werden?Laderaum- Erlaubt das Lagern von Materialien und Items.- Volumen - Wie viele Materialien können gelagert werden?- Kompressionstechnik - Wie stark können Materialien komprimiert werden?Dronen- Kleine Roboter-Einheiten, die den Transport vornehmen- Anzahl - wie viele Bots sind verfügbar?- Geschwindigkeit - wie schnell sind die Bots?- Volumen - was können Sie transportieren?- Gehäuse Plätze - was für Module können sie aufnehmenRecycler- Wandelt Ressourcen und Items in Materialien um.- Geschwindigkeit - Wie lange braucht der Recycler für eine Umwandlung?- Qualität - Welche Materialqualität kann der Recycler umwandeln?Produktion- Erstellt aus Materialien Items und aus Items Module- Geschwindigkeit - Wie schnell kann die Produktion erfolgen?- Qualität - Welche Qualität kann verarbeitet werden?Waffen- Verwendet Projektile oder Energie um auf andere Objekte einzuwirken- Art - welche Art von Waffe wird eingesetzt?- Energie - welche Sprengwirkung hat die eingesetzte Waffe?- Geschwindigkeit - wie schnell sind die Objekte am Ziel?Traktorgenerator- Kann Objekte mit einem Traktorstrahl (Tractor Beam) heranziehen und somit auch bei einer Bewegung des Schiffes in der Nähe halten- Masse - welche Masse kann der Traktorstrahl bewegen?- Density - bis zu welcher Geschwindigkeit kann der Traktorstrahl ein Objekt mit dem Schiff bewegen?",1/12/2018 11:57:10 AM,3/19/2018 1:57:36 PM
26888,38,1,41,,,Properties,"- This values have influence to all things in the game.- The value of this properties will be defined through the items in the modules in the slots in case- On every change of an Item the values of the properties will be recalculated and used for all upcoming actions- Every item has standard properties - but good items can have any property at all?- The calculation should be open, that it is allways possible to add new Slot Items with new Properties",1/12/2018 12:03:38 PM,3/19/2018 1:57:36 PM
26888,39,1,16,,,Indirect Damage,,1/13/2018 6:39:52 AM,3/19/2018 1:57:37 PM
26888,40,1,43,,,Work Breakdown Structure,,1/13/2018 3:48:23 PM,3/19/2018 1:57:33 PM
26888,41,1,,,,Mechanics,,1/13/2018 3:48:39 PM,3/19/2018 1:57:35 PM
26888,42,1,,,,Tuning,,1/13/2018 3:48:56 PM,3/19/2018 1:57:40 PM
26888,43,1,,,,General Information,,1/13/2018 3:49:22 PM,3/19/2018 1:57:33 PM
26888,44,1,43,,,Player Experience,Theme- Futuristic- Apocalypsic- Clean or Ugly- Urban or NatureFeatures- Craft your Character- Get things done- Combat- LevelingDevelopment- Click to Move- Combat- CraftingMarketing- Blog,1/14/2018 10:31:25 AM,3/19/2018 1:57:33 PM
26888,45,1,,,,FLAC - Fight Loot and Craft!,FLAC means Fight Loot and Craft!Fight - First step in process to progress. But not the important one.Loot - In most game no big deal - here it is one of the pillars. Not only click on item - there are many game relevant mechanisms to loot somethingCraft - Craft is very big. Because of all things that are making the player to what he is - is crafted. This is a huge part of this game!,1/15/2018 7:12:15 PM,3/19/2018 1:57:32 PM
26888,46,1,43,,,Art Direction Concept,"Art Direction Concept DocumentPhilosophy of this particular Art Direction:Describe what is important for your game in terms of how it looks. For example, dark and moody or bright and happy; minimalist or hyper-realistic or cartoony or some other quality that is important.Describe how the player interacts with the environment. For example, the camera will be zoomed out so everything needs to be exaggerated or the game is 1st person camera so textures need to be high detail.What is a phrase to describe the overall direction? For example, “Oppressed Medieval with a hint of hope” or “post-apocalyptic wasteland full of despair and misery”.What are some examples of the most important elements in your game. For example, beautiful forests with amazing views or constant explosions like in a war zone.Summary of Art Direction This camera, lighting, perspective, overall feel.... http://www.gamona.de/mmo/path-of-exile,vorschau-pc:article,2223275.htmlWith these images of characters, enemies, people, monsters…In these settings / locations…With this sort of polish / effects…With this type of colour palette…More Detailed ExplanationIf useful, go through some of the images you that found and particularly liked, highlighting what aspects you like. Eg. the shape of a building, the clothes of a character, the lighting of a room and so on.You might have 3 images in this section, you might have 30 - put in as many as is useful to yourself or to an artist who might be working on the project with you.",2/5/2018 9:07:59 PM,3/19/2018 1:57:33 PM
26888,47,1,43,,,Best Practice,"GameDev.tv Best Practices for Unity    https://docs.google.com/document/d/15aciUmlgSkA83O83J5L_-Fk1pHAMjQ5cjmx6ALw_yio/editDerived from blog by Herman Tulleken    https://www.gamasutra.com/blogs/HermanTulleken/20160812/279100/50_Tips_and_Best_Practices_for_Unity_2016_Edition.php- Workflow- General Coding- Class Design- Patterns- Prefabs and Scriptable Objects- Debugging- Performance- Naming Standard and Folder Structure  - Naming General Principles  - Naming Different Aspects of the Same Thing  - Structure    - Folder Structure    - Scene Structure    - Scripts Folder StructureThe following blog post, unless otherwise noted, was written by a member of Gamasutra’s community.The thoughts and opinions expressed are those of the writer and not Gamasutra or its parent company. Herman published the original 50 Tips for working with Unity about 4 years ago.Although a lot of it is still relevant, a lot has changed since then:Unity got better. For example, I now trust the FPS counter. The ability to use property drawers makes it less necessary to write custom editors. The way prefabs work makes the need for explicit nested prefabs or an alternative less. Scriptable objects are friendlier.Visual Studio integration got better, making it a lot easier to debug, and reducing the need for so much gorilla debugging.Third-party tools and libraries got better. There are now many assets in the Asset Store available that takes care of things such as visual debugging and better logging. Our own (free) Extensions plug-in has much of the code described in the original article (and a lot of it described here too).Version control got better. (Or perhaps, now I know better how to use it effectively). No need to have multiple copies or backup copies of prefabs, for example.I got more experience. In the last 4 years I worked on many Unity projects; including tons of game prototypes, production games such as Father.IO, and our flagship Unity asset Grids.This article is a revised version of the original taking all of the above into account.Before getting on with the tips, here is a disclaimer (essentially the same as the original).These tips don't apply to every Unity project:They are based on my experience with projects with small teams from 3 to 20 people.There's is a price for structure, re-usability, clarity, and so on — team size, project size, and project goal determine whether that price should be paid. You would not use all these during a game jam, for example.Many tips are a matter of taste (there may be rivalling but equally good techniques for any tip listed here).Unity also has some best practices on their site (although these are mostly from a performance point of view):http://unity3d.com/learn/tutorials/topics/best-practicesBest practices for physically based content creation https://youtu.be/OeEYEUCa4tI2D Best practices in Unity https://youtu.be/HM17mAmLd7kInternal Unity tips and tricks https://youtu.be/Ozc_hXzp_KUUnity Tips and Tricks https://youtu.be/2S6Ygq58QF8http://docs.unity3d.com/Manual/HOWTO-ArtAssetBestPracticeGuide.htmlWorkflow1. Decide on the scale from the beginning and build everything to the same scale. If you don't, you may have need to rework assets later (for example, animation does not always scale correctly). For 3D games, using 1 Unity unit = 1m is usually the best. For 2D games that does not use lighting or physics, 1 Unity unit = 1 pixel (at ""design"" resolution) is usually good. For UI (and 2D games), pick a design resolution (we use HD or 2xHD) and design all assets to scale in that resolution.2. Make every scene runnable. Do this to avoid having to switch scenes to run the game so that you can test faster. This can be tricky if you have objects that persist between scene loads that is required in all your scenes. One way of doing this is to use make persistent objects singletons that will load themselves when they are not present in the scene. Singletons are described in more detail in another tip.3. Use source control and learn how to use it effectively.Serialize your assets as text. It does not in practice really make scenes and prefabs more mergeable, but it does make it easier to see what changed.Adopt a scene and prefab sharing strategy. In general, more than one person should not work on the same scene or prefab. For a small team it may be enough to ask around that no-one else is working on a scene or prefab before starting to work on it. It may be useful to swap physical tokens that denote scene ownership around (you are only allowed to work on a scene if you have the scene token on your desk).Use tags as bookmarks.Decide and stick to a branching strategy. Because scenes and prefabs cannot be smoothly merged, branching is slightly more complicated. However you decide to use branches, it should work with your scene and prefab sharing strategy.Use submodules with care. Submodules can be a great way to maintain re-usable code. But there are a few caveats:Meta-files are not generally consistent over multiple projects. This is not generally a problem for non-Monobehaviour or non-Scriptable object code, but for MonoBehaviours and Scriptable objects using submodules can cause code to get lost.If you work on many projects (including one or more in submodules), you can sometimes get an update avalanche where you have to have to pull-merge-commit-push over various projects for a few iterations to stabilize the code over all projects (and if someone else is making changes while this is going on, it could turn into a sustained avalanche). One way to minimize this effect is to always make changes to submodules from projects dedicated to them. This way, projects that use submodules only always have to pull; they never need to push back.4. Keep test scenes and code separate. Commit temporary assets and scripts to the repository, and remove them from the project when you are done.5. If you upgrade tools (especially Unity), do so simultaneously. Unity is much better at preserving links when you open a project with a different version than it used to be, but links still sometimes get lost when people are working with different versions.6. Import third-party assets in a clean project and export a new package for your own use from there. Assets can sometimes cause problems when you import them directly in you project:There may be collisions (file or name), especially assets that have files in the root of the Plugins folder, or that use assets from Standard Assets in their examples.They may be unorganized on put their files all over your own project. This is especially a problem if you decide not to use it and want to remove it.Follow these steps to make importing assets safer:Make a new project, and import the asset.Run the examples and make sure they work.Organize the asset into a more suitable folder structure. (I usually do not enforce my own folder structure on an asset. But I make sure that all the files are in a single folder, and that there are not any files in important places that could overwrite existing files in my project.)Run the examples and make sure they still work. (On occasion, I had assets break when I move stuff, but generally this should not be a problem).Now remove all the things you won't need (such as examples).Make sure the asset still compiles and that prefabs still have all their links. If there is anything left to run, test it.Now select all the assets, and export a package.Import into your project. 7. Automate your build process. This is useful even for small projects, but it is particularly useful when:you need to build lots of different versions of the game,other team-members with varying degrees of technical knowledge need to make builds, oryou need to make small tweaks to the project before you can build.See Unity Builds Scripting: Basic and advanced possibilities for a good guide on how to do this.8. Document your setup. Most documentation should be in the code, but certain things should be documented outside code. Making designers sift through code for setup is time-wasting. Documented setups improved efficiency (if the documents are current).Document the following:Tag uses.Layer uses (for collision, culling, and raycasting – essentially, what should be in what layer).GUI depths for layers (what should display over what).Scene setup.Prefab structure of complicated prefabs.Idiom preferences.Build setup.General Coding9. Put all your code in a namespace. This avoids code clashes among your own libraries and third-party code. But don't rely on namespaces to avoid clashes with important classes. Even if you use different namespaces, don't use ""Object"" or ""Action"" or ""Event"" as class names.10. Use assertions. Assertions are useful to test invariants in code and help flush out logic bugs. Assertions are available in the Unity.Assertions.Assert class. They all test some condition, and write an error message in the console if the condition is not met. If you are not familiar with how assertions can be useful, see The Benefits of programming with assertions (a.k.a. assert statements).11. Don't use strings for anything other than displayed text. In particular, do not use strings for identifying objects or prefabs. There are exceptions (there are still a few things that can only be accessed by name in Unity). In such cases, define those strings as constants in files such as AnimationNames or AudioModuleNames. If these classes become unmanageable, use nested classes so you can say something like AnimationNames.Player.Run.12. Don't use Invoke and SendMessage. These methods of MonoBehaviour call other methods by name. Methods called by name is hard to track in code (you cannot find ""Usages"", and SendMessage has a wide scope that is even harder to track).It is easy to roll out your own Invoke using Coroutines and C# actions:public static Coroutine Invoke(this MonoBehaviour monoBehaviour, Action action, float time){   return monoBehaviour.StartCoroutine(InvokeImpl(action, time));}private static IEnumerator InvokeImpl(Action action, float time){   yield return new WaitForSeconds(time);      action();}You can use this then like this in your monoBehaviour:this.Invoke(ShootEnemy); //where ShootEnemy is a parameterless void method.If you implement your own base MonoBehaviour, you can add your own Invoke to that.A safer SendMessage alternative is more difficult to implement. Instead, I usually use GetComponent variaties to get components on parents, the current game object, or children, and make the call directly.(Edit: Someone suggested ExecuteEvent, part of Unity's Event System, as an alternative. I could not find out much about it so far, but it looks worth investigating further.)13. Don't let spawned objects clutter your hierarchy when the game runs. Set their parents to a scene object to make it easier to find stuff when the game is running. You could use an empty game object, or even a singleton (see later in this article) with no behaviour to make it easier to access from code. Call this object DynamicObjects.14. Be specific about using null as a legal value, and avoid it where you can.Nulls are helpful in detecting incorrect code. However, if you make if habit of silently passing over null, your incorrect code will happily run and you won't notice the bug until much later. Moreover, it can manifest itself deep in the code as each layer passes over null variables. I try to avoid using null as a legal value altogether.My preferred idiom is to not do any null checking, and let the code fail where it is a problem. In methods that serve as an interface to a deeper level, I will check a variable for null and throw an exception instead of passing it on to other methods where it may fail.In some cases, a value can be legitimately null, and needs to be handled in a different way. In cases like this, add a comment to explain when and why something can be null.A common scenario is often used for inspector-configured values. The user can specify a value, but if she doesn't, a default value is used. A better way to do this is with a class Optional<T> that wraps values of T. (It's a bit like Nullable<T>). You can use a special property renderer to render a tick box and only show the value box if it is ticked. (Unfortunately, you cannot use the generic class directly, you have to extend classes for specific values of T.)[System.Serializable]public class Optional<T>{   public bool useCustomValue;   public T value;}In your code, you can then use it like this:health = healthMax.useCustomValue ? healthMax.Value : DefaultHealthMax;Edit: Many people pointed out that it is better to use a struct (does not generate garbage, and cannot be null). However, this means you cannot use it as baseclass for non-generic classes so that you can use it for fields that can actually be used in the inspector.  15. If you use Coroutines, learn to use them effectively. Coroutines can be a powerful way to solve many problems. But they are hard to debug, and you can easily code yourself into a mess that no-one, not even yourself, can understand.You should know:How to execute coroutines in parallel.How to execute coroutines in sequence.How to make new coroutines from existing ones.How to make custom coroutines using CustomYieldInstruction.//This is itself a coroutineIEnumerator RunInSequence(){   yield return StartCoroutine(Coroutine1());   yield return StartCoroutine(Coroutine2());}public void RunInParallel(){   StartCoroutine(Coroutine1());   StartCoroutine(Coroutine1());}Coroutine WaitASecond(){   return new WaitForSeconds(1);} 16. Use extensions methods to work with components that share an interface. (Edit: Apparently GetComponent and so on now also work for interfaces, making this tip redundant). It is sometimes convenient to get components that implement a certain interface, or find objects with such components.The implementations below uses typeof instead of the generic versions of these functions. The generic versions don't work with interfaces, but typeof does. The methods below wraps this neatly in generic methods.public static TInterface GetInterfaceComponent<TInterface>(this Component thisComponent)   where TInterface : class{   return thisComponent.GetComponent(typeof(TInterface)) as TInterface;}17. Use extension methods to make syntax more convenient. For example:public static class TransformExtensions {   public static void SetX(this Transform transform, float x)   {      Vector3 newPosition =          new Vector3(x, transform.position.y, transform.position.z);       transform.position = newPosition;   }   ...}18. Use a defensive GetComponent alternative. Sometimes forcing component dependencies through RequiredComponent is not always be possible or desirable, especially when you call GetComponent on somebody else's class. And even when you do use the RequiredComponent it is useful to indicate in the code where you get the component that you expect it to be there, and that it is a setup error when it is not. To do this, use an extension method that prints an error message or throws a more helpful exception when it is not found, like this one:public static T GetRequiredComponent(this GameObject obj) where T : MonoBehaviour{   T component = obj.GetComponent();    if(component == null)   {      Debug.LogError(""Expected to find component of type ""          + typeof(T) + "" but found none"", obj);   }    return component;}19. Avoid using different idioms to do the same thing. In many cases there are more than one idiomatic way to do things. In such cases, choose one to use throughout the project. Here is why:Some idioms don't work well together. Using one idiom forces design in one direction that is not suitable for another idiom.Using the same idiom throughout makes it easier for team members to understand what is going on. It makes structure and code easier to understand. It makes mistakes harder to make.Examples of idiom groups:Coroutines vs. state machines.Nested prefabs vs. linked prefabs vs. god prefabs.Data separation strategies.Ways of using sprites for states in 2D games.Prefab structure.Spawning strategies.Ways to locate objects: by type vs. name vs. tag vs. layer vs. reference (""links"").Ways to group objects: by type vs. name vs. tag vs. layer vs. arrays of references (""links"").Ways to call methods on other components.Finding groups of objects versus self-registration.Controlling execution order (Using Unity's execution order setup versus yield logic versus Awake / Start and Update / Late Update reliance versus manual methods versus any-order architecture).Selecting objects / positions / targets with the mouse in-game: selection manager versus local self-management.Keeping data between scene changes: through PlayerPrefs, or objects that are not Destroyed when a new scene is loaded.Ways of combining (blending, adding and layering) animation.Input handling (central vs. local)20. Maintain your own time class to make pausing easier. Wrap Time.DeltaTime and Time.TimeSinceLevelLoad to account for pausing and time scale. It requires discipline to use it, but will make things a lot easier, especially when running things of different clocks (such as interface animations and game animations).Edit: Unity supports unscaledTime and unscaledDeltaTime, which makes having your own Time class redundant in many situations. It can still be useful when scaling global time affects components that you did not write in unwanted ways.21. Custom classes that require updating should not access global static time. Instead, they should take delta time as a parameter of their Update method. This makes these classes useable when you implement a pausing system as explained above, or when you want to speed up or slow down the custom class's behavior.22. Use a common structure for making WWW calls. In games with a lot of server-communication, it is common to have dozens of WWW calls. Whether you use Unity's raw WWW class or a plugin, you can benefit from writing a thin layer on top that does the boiler plate for you.I usually define a Call method (one for each Get and Post), a CallImpl coroutine, and a MakeHandler. Essentially, the Call method builds a super hander from a parser, on-success and on-failure handlers using the MakeHandler method. It also calls the CallImpl courutine, which builds a URL, make the call, wait until it's done, and then call the super handler.Here is roughly how it looks:public void Call<T>(string call, Func<string, T> parser, Action<T> onSuccess, Action<string> onFailure){	var handler = MakeHandler(parser, onSuccess, onFailure);	StartCoroutine(CallImpl(call, handler));} public IEnumerator CallImpl<T>(string call, Action<T> handler){	var www = new WWW(call);	yield return www;	handler(www);}public Action<WWW> MakeHandler<T>(Func<string, T> parser, Action<T> onSuccess, Action<string> onFailure){   return (WWW www) =>   {      if(NoError(www))       {         var parsedResult = parser(www.text);         onSuccess(parsedResult);      }      else      {         onFailure(""error text"");      }   }}This has several benefits.It allows you to avoid having to write a lot of boilerplate code.It allows you to handle certain things (such as displaying a loading UI component or handling certain generic errors) in a central place.23. If you have a lot of text, put it in a file. Don't put it in fields for editing in the inspector. Make it easy to change without having to open the Unity editor, and especially without having to save the scene.24. If you plan to localize, separate all your strings to one location. There are many ways to do this. One way is to define a Text class with a public string field for each string, with defaults set to English, for example. Other languages subclass this and re-initialize the fields with the language equivalents.More sophisticated techniques (appropriate when the body of text is large and / or the number of languages is high) will read in a spread sheet and provide logic for selecting the right string based on the chosen language.Class Design25. Decide how to implement inspectable fields, and make it a standard. There are two ways: make the fields public, or make them private and mark them as [SerializeField]. The latter is ""more correct"" but less convenient (and certainly not the method popularized by Unity itself). Whichever way you choose, make it a standard so that developers in your team know how to interpret a public field.Inspectable fields are public. In this scenario, public means ""the variable is safe to change by a designer during runtime. Avoid setting its value in code"".Inspectable fields are private and marked Serializable. In this scenario, public means ""it's safe to change this variable in code"" (and hence you should not see too many, and there should not be any public fields in MonoBehaviours and ScriptableObjects).26. For components, never make variables public that should not be tweaked in the inspector. Otherwise they will be tweaked by a designer, especially if it is not clear what it does. In some rare cases it is unavoidable (for example, when some editor script needs to get hold of it). In that case you can use the HideInInspector attribute to hide it in the inspector. 27. Use property drawers to make fields more user-friendly. Property drawers can be used to customize controls in the inspector. This allows you to make controls that better fit the nature of the data, and put certain safe-guards in place (such as limiting the range of the variables). Use the Header attribute to organise fields, and use the Tooltip attribute to provide extra documentation to designers. 28. Prefer property drawers over custom editors. Property drawers are implement per field type, and is therefore much less work to implement. They are also more re-suable – once implemented for a type, they can be used for that type in any class. Custom editors are implemented per MonoBehaviour, and are therefor less re-usable and more work.29. Seal MonoBehaviours by default. Generally, Unity's MonoBehaviours are not very inheritance-friendly:The way Unity calls message-methods like Start and Update makes it tricky to work with these methods in subclasses. If you are not careful, the wrong thing gets called, or you forget to call a base method.When you use custom editors, you usually need to duplicate the inheritance hierarchy for the editors. Anyone who wants to extend one of your classes has to provide their own editor, or make do with whatever you provided.In cases where inheritance is called for, do not provide any Unity message-methods if you can avoid it. If you do, don't make them virtual. If necessary, you can define an empty virtual function that gets called from the message-method method that a child class can override to perform additional work.public class MyBaseClass{   public sealed void Update()   {      CustomUpdate();      ... // This class's update    }   //Called before this class does its own update   //Override to hook in your own update code.   virtual public void CustomUpdate(){};}public class Child : MyBaseClass{   override public void CustomUpdate()   {      //Do custom stuff   }}This prevents a class from accidentally overriding your code, but still gives it the ability to hook into Unity's messages. One reason that I don't like this pattern is that the order of things becomes problematic. In the example above the child may want to do things directly after the class has done its own update.30. Separate interface from game logic. Interface components should in general not know anything about the game in which they are used. Give them the data they need to visualize, and subscribe to events to find out when the user interacts with them. Interface components should not do gamelogic. They can filter input to make sure it's valid, but the main rule processing should happen elsewhere. In many puzzle-games, the pieces are an extension of the interface, and should not contain rules. (For example, a chess piece should not calculate its own legal moves.Similarly, input should be separated from the logic that acts on that input. Use an input controller that informs your actor of the intent to move; the actor handles whether to actually move.Here is a stripped down example of a UI component that allows the user to select a weapon from a list of choices. The only thing these classes know about the game is the Weapon class (and only because Weapon is a useful source for the data this container needs to display). The game also knows nothing about the container; all it has to do is register for the OnWeaponSelect event.public WeaponSelector : MonoBehaviour{   public event Action OnWeaponSelect {add; remove; }    //the GameManager can register for this event   public void OnInit(List  weapons)   {      foreach(var weapon in weapons)      {          var button = ... //Instantiates a child button and add it to the hierarchy                     buttonOnInit(weapon, () => OnSelect(weapon));           // child button displays the option,           // and sends a click-back to this component      }   }   public void OnSelect(Weapon weapon)  {      if(OnWepaonSelect != null) OnWeponSelect(weapon);   }}public class WeaponButton : MonoBehaviour{    private Action<> onClick;    public void OnInit(Weapon weapon, Action onClick)    {        ... //set the sprite and text from weapon        this.onClick = onClick;    }    public void OnClick() //Link this method in as the OnClick of the UI Button component    {       Assert.IsTrue(onClick != null);  //Should not happen       onClick();    }    }31. Separate configuration, state and bookkeeping. Configuration variables are the variables tweaked in the inspector to define your object through its properties. For example, maxHealth.State variables is the variables that completely determines your object's current state, and are the variables you need to save if your game supports saving. For example, currentHealth.Bookkeeping variables are used for speed, convenience, or transitional states. They can always completely be determined from the state variables. For example, previousHealth.By separating these types of variables, you make it easier to know what you can change, what you need to save, what you need to send / retrieve over the network, and allows you to enforce this to some extent. Here is a simple example with this setup.public class Player{   [Serializable]   public class PlayerConfigurationData   {      public float maxHealth;   }   [Serializable]   public class PlayerStateData   {      public float health;   }   public PlayerConfigurationData configuration;   private PlayerState stateData;   //book keeping   private float previousHealth;   public float Health   {      public get { return stateData.health; }      private set { stateData.health = value; }   }}32. Avoid using public index-coupled arrays. For instance, do not define an array of weapons, an array of bullets, and an array of particles, so that your code looks like this:public void SelectWeapon(int index){    currentWeaponIndex = index;   Player.SwitchWeapon(weapons[currentWeapon]);} public void Shoot(){   Fire(bullets[currentWeapon]);   FireParticles(particles[currentWeapon]);}The problem for this is not so much in the code, but rather setting it up in the inspector without making mistakes.Rather, define a class that encapsulates the three variables, and make an array of that:[Serializable]public class Weapon{   public GameObject prefab;   public ParticleSystem particles;   public Bullet bullet;}The code looks neater, but most importantly, it is harder to make mistakes in setting up the data in the inspector.33. Avoid using arrays for structure other than sequences. For example, a player may have three types of attacks. Each uses the current weapon, but generates different bullets and different behaviour.You may be tempted to dump the three bullets in an array, and then use this kind of logic:public void FireAttack(){   /// behaviour   Fire(bullets[0]);} public void IceAttack(){   /// behaviour   Fire(bullets[1]);} public void WindAttack(){   /// behaviour   Fire(bullets[2]);}Enums can make things look better in code…public void WindAttack(){   /// behaviour   Fire(bullets[WeaponType.Wind]);}…but not in the inspector.It's better to use separate variables so that the names help show which content to put in. Use a class to make it neat.[Serializable]public class Bullets{   public Bullet fireBullet;   public Bullet iceBullet;   public Bullet windBullet;}This assumes there is no other Fire, Ice and Wind data.34. Group data in serializable classes to make things neater in the inspector. Some entities may have dozens of tweakables. It can become a nightmare to find the right variable in the inspector. To make things easier, follow these steps:Define separate classes for groups of variables. Make them public and serializable.In the primary class, define public variables of each type defined as above.Do not initialize these variables in Awake or Start; since they are serializable, Unity will take care of that.You can specify defaults as before by assigning values in the definition;This will group variables in collapsible units in the inspector, which is easier to manage.[Serializable]public class MovementProperties //Not a MonoBehaviour!{   public float movementSpeed;   public float turnSpeed = 1; //default provided} public class HealthProperties //Not a MonoBehaviour!{   public float maxHealth;   public float regenerationRate;} public class Player : MonoBehaviour{   public MovementProperties movementProeprties;   public HealthPorperties healthProeprties;}35. Make classes that are not MonoBehaviours Serializable even when they are not used for public fields. This allows you to view the class fields in the inspector when the Inspector is in Debug mode. This works for nested classes too (private or public).36. Avoid making changes to inspector-tweakables in code. A variable that is tweakable in the inspector is a configuration variable, and should be treated as a run-time constant and not double as a state-variable. Following this practice makes it easier to write methods to reset a component's state to the initial state, and makes it clearer what the variable does.public class Actor : MonoBehaviour{   public float initialHealth = 100;      private float currentHealth;   public void Start()   {      ResetState();   }      private void Respawn()   {      ResetState();   }    private void ResetState()   {      currentHealth = initialHealth;   }}Patterns                                             Patterns are ways to solve frequently occurring problems in a standard way. Bob Nystrom's  book Game Programming Patterns (readable free online) is a useful resource to see how patterns apply to problems that arise in game programming. Unity itself use a lot of these patterns: Instantiate is an example of the prototype pattern; MonoBehaviours follow a version of the template pattern, UI and animation use the observer pattern, and the new animation engine uses state machines.These tips relate to using patterns with Unity specifically.37. Use singletons for convenience. The following class will make any class that inherits from it a singleton automatically:public class Singleton<T> : MonoBehaviour where T : MonoBehaviour{   protected static T instance;    //Returns the instance of this singleton.   public static T Instance   {      get      {         if(instance == null)         {            instance = (T) FindObjectOfType(typeof(T));             if (instance == null)            {               Debug.LogError(""An instance of "" + typeof(T) +                   "" is needed in the scene, but there is none."");            }         }          return instance;      }   }}Singletons are useful for managers, such as ParticleManager or AudioManager or GUIManager.(Many programmers warn against classes vaguely named XManager because it points at a class either poorly named, or designed with too many unrelated tasks. In general, I agree with this. However, we have a small number of managers in every game, and they do the same in every game, so that these classes are in fact idioms.)Avoid using singletons for unique instances of prefabs that are not managers (such as the Player). Not adhering to this principle complicates inheritance hierarchies, and makes certain types of changes harder. Rather keep references to these in your GameManager (or other suitable God class  ).Define static properties and methods for public variables and methods that are used often from outside the class. This allows you to write GameManager.Player instead of GameManager.Instance.player.As explained in other tips, singletons are also useful for creating default spawn points and objects that persist between scene loads that keep track of global data.38. Use state machines to get different behavior in different states or to execute code on state transitions. A light-weight state machine has a number of states, and for each state allows you to specify actions to run when entering or existing the state, and an update action. This can make code cleaner and less error prone. A good sign that you could benefit from a state machine is if your Update method's code has an if- or switch-statement that changes what it does, or variables such as hasShownGameOverMessage.public void Update(){   if(health <= 0)   {      if(!hasShownGameOverMessage)       {         ShowGameOverMessage();         hasShownGameOverMessage = true; //Respawning resets this to false      }   }   else   {      HandleInput();   }   }With more states, this type of code can become very messy; a state machine can make it a lot cleaner.39. Use fields of type UnityEvent to set up the observer pattern in the inspector. The UnityEvent class allows you to link in methods that take up to four parameters in the inspector using the same UI interface as the events on Buttons. This is especially useful for dealing with input.40. Use the observer pattern to detect when a field value changes. The problem of executing code only when a variable changes crops up frequently in games. We have baked a general solution of this in a generic class that allows you to register for events whenever the value changes. Here is an example with health. Here is how it is constructed:/*ObservedValue*/ health = new ObservedValue(100);health.OnValueChanged += () => { if(health.Value <= 0) Die(); };You can now change it everywhere, without doing checking in each place where you check it, for example, like this:if(hit) health.Value -= 10;Whenever the health hits a point below 0, the Die method is called. For further discussion and an implementation, see this post.41. Use the Actor pattern on prefabs. (This is not a ""standard"" pattern. The basic idea is from Kieran Lord in this presentation.)An actor is the main component on the prefab; usually the component that provides the prefab's ""identity"", and the one higher-level code will most often interact with. The actor uses other components – helpers – on the same object (and sometimes on children) to do its work.If you make a button object from the menu in unity, it creates a game object with a Sprite and Button component (and a child with a Text component). In this case, Button is the actor component. Similarly, the main camera typically has several components (GUI Layer, Flare Layer, Audio Listener) in addition to the Camera component attached. Camera is the actor.An actor may require other components to work correctly. You can make your prefab more robust and useful by using the following attributes on your actor component:Use RequiredComponent to indicate all the components your actor needs on the same game object.  (Your actor can then always safely call GetComponent, without the need to check whether the value returned was null.)Use DisallowMultipleComponent to prevent multiple instances of the same component to be attached. Your actor can then always call GetComponent without having to worry what the behavior shoud be when there is more than one component attached).Use SelectionBase if your actor object has children. This makes it easier to select in the scene view.[RequiredComponent(typeof(HelperComponent))][DisallowMultipleComponent][SelectionBase]public class Actor : MonoBehaviour{   ...//}42. Use generators for random and patterned data streams. (This is not a standard pattern, but one we found to be extremely useful.)A generator is similar to a random generator: it is an object with a Next method that can be called to get a new item of a specific type. Generators can be manipulated during their construction to produce a large variety of patterns or different types of randomness. They are useful, because they keep the logic of generating a new item separate from where you need the item, so that your code is much cleaner.Here are a few examples:var generator = Generator   .RamdomUniformInt(500)   .Select(x => 2*x); //Generates random even numbers between 0 and 998 var generator = Generator   .RandomUniformInt(1000)   .Where(n => n % 2 == 0); //Same as above var generator = Generator    .Iterate(0, 0, (m, n) => m + n); //Fibonacci numbers var generator = Generator   .RandomUniformInt(2)   .Select(n => 2*n - 1)   .Aggregate((m, n) => m + n); //Random walk using steps of 1 or -1 one randomly var generator = Generator   .Iterate(0, Generator.RandomUniformInt(4), (m, n) => m + n - 1)   .Where(n >= 0); //A random sequence that increases on averageWe have use generators for spawning obstacles, changing background colors, procedural music, generating letters sequences likely to make words in word games, and much more. Generators also work well to control co-routines that repeat at non-constant intervals, using the construct:while (true){   //Do stuff      yield return new WaitForSeconds(timeIntervalGenerator.Next());}To find out more about generators, see this post.Prefabs and Scriptable Objects43. Use prefabs for everything. The only game objects in your scene that should not be prefabs (or part of prefabs) should be folders. Even unique objects that are used only once should be prefabs. This makes it easier to make changes that don't require the scene to change.44. Link prefabs to prefabs; do not link instances to instances. Links to prefabs are maintained when dropping a prefab into a scene; links to instances are not. Linking to prefabs whenever possible reduces scene setup, and reduce the need to change scenes.As far as possible, establish links between instances automatically. If you need to link instances, establish the links programmatically. For example, the player prefab can register itself with the GameManager when it starts, or the GameManager can find the Player prefab instance when it starts.45. Don't put meshes at the roots of prefabs if you want to add other scripts. When you make the prefab from a mesh, first parent the mesh to an empty game object, and make that the root. Put scripts on the root, not on the mesh node. That way it is much easier to replace the mesh with another mesh without losing any values that you set up in the inspector.46. Use scriptable objects for shared configuration data instead of prefabs.If you do this:scenes are smalleryou cannot make changes to a single scene (on a prefab instance) by mistake.47. Use scriptable objects for level data. Level data is often stored in XML or JSON, but using scriptable objects instead has a few advantages:It can be edited in the Editor. This makes it easier to validate data and is friendlier to non-technical designers. Moreover, you can use custom editors to make it even easier to edit.You don't have to worry about reading / writing and parsing of the data.It is easier to split and nest, and manage the resulting assets, and so compose levels from building blocks rather than from a massive configuration.48. Use scriptable objects to configure behavior in the inspector. Scriptable objects are usually associated with configuring data, but they also allow you to use ""methods"" as data.Consider a scenario where you have an Enemy type, and each enemy has a bunch of SuperPowers. You could make these normal classes and have a list if them in the Enemy class… but without a custom editor you would not be able to set up a list of different superpowers (each with its own properties) in the inspector. But if you make these super powers assets (implement them as ScriptableObjects), you could!Here is how it looks:public class Enemy : MonoBehaviour{   public SuperPower superPowers;   public UseRandomPower()   {       superPowers.RandomItem().UsePower(this);   }}public class BasePower : ScriptableObject{   virtual void UsePower(Enemy self)   {   }}[CreateAssetMenu(""BlowFire"", ""Blow Fire"")public class BlowFire : SuperPower{   public strength;   override public void UsePower(Enemy self)   {      ///program blowing fire here   }}There are a few things to be aware of when following this pattern:Scriptable objects cannot reliably be made abstract. Instead, use concrete bases classes, and throw NotImplementedExceptions in methods that should be abstract. You can also define an Abstract attribute and mark classes and methods that should be abstract with it.Scriptable objects that are generic cannot be serialized. However, you can use generic base classes and only serialize sub-classes that specify all the generics.49. Use scriptable objects to specialize prefabs. If two objects' configuration differ only in some properties, it is common to put two instances in the scene and adjust those properties on the instances. It is usually better to make a separate class of the properties that can differ between the two types into a separate scriptable object class.This gives you more flexibility:You can use inherit from your specialization class to give more specific properties to different types of object.Scene setup is much safer (you merely select the right scriptable object, instead of having to adjust all the properties to make the object into the desired type).It is easier to manipulate these objects at runtime through code.If you have multiple instances of the two types, you know their properties will always be consistent when you make changes.You can split sets of configuration variables into sets that can be mixed-and-matched.Here is a simple example of this setup.[CreateAssetMenu(""HealthProperties.asset"", ""Health Properties"")]public class HealthProperties : ScriptableObject{   public float maxHealth;   public float resotrationRate;}public class Actor : MonoBehaviour{   public HealthProperties healthProperties;}If the number of specializations is large, you may want to define the specialization as a normal class, and use a list of these in a scriptable object that's linked to a suitable place where you can get hold of it (such as your GameManager). There is a bit more glue necessary to make it safe, fast and convenient; just the bare minimum is shown below.public enum ActorType{   Vampire, Wherewolf}[Serializable]public class HealthProperties{   public ActorType type;   public float maxHealth;   public float resotrationRate;}[CreateAssetMenu(""ActorSpecialization.asset"", ""Actor Specialization"")]public class ActorSpecialization : ScriptableObject{   public List healthProperties;   public this[ActorType]   {       get { return healthProperties.First(p => p.type == type); } //Unsafe version!   }}public class GameManager : Singleton  {   public ActorSpecialization actorSpecialization;   ...}public class Actor : MonoBehaviour{   public ActorType type;   public float health;      //Example usage   public Regenerate()   {      health          += GameManager.Instance.actorSpecialization[type].resotrationRate;   }}50. Use the CreateAssetMenu attribute to add ScriptableObject creation automatically to the Asset/Create menu.Debugging51. Learn how to use Unity's debugging facilities effectively.Add context objects to Debug.Log statements to see from where they are generated.Use Debug.Break to pause the game in the editor (useful, for example, when you want to an error condition occurs and you want to examine component properties in that frame).Use Debug.DrawRay and Debug.DrawLine functions for visual debugging (for example, DrawRay is very useful when debugging why ray casts are not hit).Use Gizmos for visual debugging. You can also supply gizmo renderers outside mono behaviours using the DrawGizmo attribute.Use the debug inspector view (to see the values of private fields at runtime in Unity using the inspector).52. Learn how to use your IDE debugger effectively. See for example Debugging Unity games in Visual Studio.53. Use a visual debugger that draws graphs of values over time. This is extremely helpful to debug physics, animation, and other dynamic processes, especially sporadic glitches. You will be able to see the glitch in the graph, and be able to see which other variables change at the same time. The visual inspection also makes certain types of strange behavior clear, such as values that change too often, or drift without apparent cause. We use Monitor Components, but there are several available.54. Use improved console logging. Use an editor extension that allows you to color-code output according to categories, and allows you to filter output according to those categories. We use Editor Console Pro, but there are several available.55. Use Unity's test tools, especially to test algorithms and mathematical code. See for example the Unity Test Tools tutorial, or the post Unit testing at the speed of light with Unity Test Tools.56. Use Unity's test tools to run ""scratchpad"" tests. Unity's test tools are not only suitable for formal tests. They can also be exploited for convenient scratch-pad tests that can be run in the editor without having to run a scene.57. Implement shortcuts for taking screen shots. Many bugs are visual, and are much easier to report when you can take a picture. The ideal system should maintain a counter in PlayerPrefs so that successive screenshots are not overwritten. The screenshots should be saved outside the project folder to avoid people from accidentally committing them to the repository.58. Implement shortcuts for printing snapshots of important variables. This makes it easy to log some information when something unexpected happens during the game that you can inspect. Which variables depends on the game, of course. You will be guided by the typical bugs that occur in your game. Examples are positions of the player and enemies, or the ""thinking state"" an AI actor (such as the path it is trying to follow).59. Implement debug options for making testing easier. Some examples:Unlock all items.Disable enemies.Disable GUI.Make player invincible.Disable all gameplay.Be careful not to commit debug options accidentally; changing debug options can mystify other developers on your team.60. Define constants for debug shortcut keys, and keep them in one place. Debug keys are not normally (or conveniently) processed in a single location like the rest of the game input. To avoid shortcut-key collisions, define constants in a central place. An alternative is to process all keys in one place regardless of whether it is a debug function or not. (The downside is that this class may need extra references to objects just for this).61. Draw or spawn small spheres at vertices when doing procedural mesh generation. This will help you make sure your vertices are where they are supposed to be and the mesh is the right size before you start messing with triangles and UVs to get your mesh to display.Performance62. Be wary of generic advice about design and construction for performance reasons.Such advice is often based on myths and is not backed by tests.Sometimes the advice is backed by tests but the tests are faulty.Sometimes the advice is backed by correct tests, but they are in an unrealistic or different context. (For example, it's easy to show how using arrays are faster than generic lists. However, in the context of a real game this difference is almost always negligible. Similarly, if the tests apply to different hardware than your target devices, their results may not be meaningful to you.)Sometimes the advice is sound, but out of date.Sometimes, the advice applies. However, there is a tradeoff. Slow games that ship are sometimes better than fast ones that don't. And heavily optimized games are more likely to contain tricky code that can delay shipping.Performance advice can be useful to keep in mind to help you track the source of actual problems faster using the process outlined below. 63. Test regularly on target devices from early-on. Devices have very different performance characteristics; don't get surprised by them. The earlier you know about problems the more effectively you can address them.64. Learn how to use a profiler effectively to track the cause of performance problems.If you are new to profiling, see Introduction to the Profiler.Learn how to define your own frames (using Profiler.BeginFrame and Profiler.EndFrame) for fain-grained analysis.Learn how to use platform-specific profiling, such as the built-in profiler for iOS.Learn to profile to file in built players and display the data in the profiler.65. Use a custom profiler for more accurate profiling when necessary. Sometimes, Unity's profiler cannot give you a clear picture of what is going on: it may run out of profile frames, or deep-profiling can slow down the game so much that tests are not meaningful.  We use our own in-house profiler for this, but you should be able to find alternatives on the Asset Store.66. Measure impact of performance enhancements. When you make a change to increase performance, measure it to make sure the change is a real improvement. If the change is not measurable or negligent, undo it.67. Don't write less-readable code for better performance. Unless:You have a problem, identified the source with a profiler, you measured a gain after the change, and the gain is high enough compared with the loss in maintainability.ORYou know what you are doing.Naming Standard and Folder Structure68. Follow a documented naming convention and folder structure. Consistent naming and folder structure makes it easier to find things, and to figure out what things are.You will most probably want to create your own naming convention and folder structure. Here is one as an example.Naming General PrinciplesCall a thing what it is. A bird should be called Bird.Choose names that can be pronounced and remembered. If you make a Mayan game, do not name your level QuetzalcoatisReturn.Be consistent. When you choose a name, stick to it. Don't call something buttonHolder in one place and buttonContainer in another.Use Pascal case, like this: ComplicatedVerySpecificObject. Do not use spaces, underscores, or hyphens, with one exception (see Naming Different Aspects of the Same Thing).Do not use version numbers, or words to indicate their progress (WIP, final).Do not use abbreviations: DVamp@W should be DarkVampire@Walk.Use the terminology in the design document: if the document calls the die animation Die, then useDarkVampire@Die, not DarkVampire@Death.Keep the most specific descriptor on the left: DarkVampire, not VampireDark; PauseButton, not ButtonPaused. It is, for instance, easier to find the pause button in the inspector if not all buttons start with the word Button. [Many people prefer it the other way around, because that makes grouping more obvious visually. Names are not for grouping though, folders are. Names are to distinguish objects of the same type so that they can be located reliably and fast.]Some names form a sequence. Use numbers in these names, for example, PathNode0, PathNode1. Always start with 0, not 1.Do not use numbers for things that don't form a sequence. For example, Bird0, Bird1, Bird2 should be Flamingo, Eagle, Swallow.Prefix temporary objects with a double underscore __Player_Backup.Naming Different Aspects of the Same ThingUse underscores between the core name, and the thing that describes the ""aspect"". For instance:GUI buttons states EnterButton_Active, EnterButton_InactiveTextures DarkVampire_Diffuse, DarkVampire_NormalmapSkybox JungleSky_Top, JungleSky_NorthLOD Groups DarkVampire_LOD0, DarkVampire_LOD1Do not use this convention just to distinguish between different types of items, for instance Rock_Small, Rock_Large should be SmallRock, LargeRock.StructureThe organization of your scenes, project folder, and script folder should follow a similar pattern. Here are some abridged examples to get you started.Folder StructureMyGame   Helper      Design       Scratchpad   Materials   Meshes      Actors         DarkVampire         LightVampire         ...      Structures         Buildings         ...      Props         Plants         ...      ...   Resources      Actors      Items      ...   Prefabs      Actors      Items      ...   Scenes      Menus      Levels   Scripts   Tests   Textures      UI      Effects      ...   UI MyLibray   ...PluginsSomeOtherAsset1SomeOtherAsset2...Scene StructureMainDebugManagers CamerasLightsUI   Canvas      HUD      PauseMenu      ...World   Ground   Props   Structures   ...Gameplay   Actors   Items   ...Dynamic ObjectsScripts Folder StructureDebugGameplay   Actors   Items   ...FrameworkGraphicsUI...",2/10/2018 6:14:37 PM,3/19/2018 1:57:33 PM
26888,48,1,41,,,Tutorial,https://gamedevelopment.tutsplus.com/tutorials/4-ways-to-teach-your-players-how-to-play-your-game--cms-22719,2/22/2018 10:25:34 AM,3/19/2018 1:57:35 PM
26888,49,1,41,,,Recipies,"Recipies describe the items/resources needed to create other items/resources/modules- Glass   - 70 portions Quartz (SiO2)  - 13 portions Soda (Na2O)  - 10 portions Lime (CaO)  - 3 portions Dolomite (CaMg[CO3]2)  - 2 portions Feldspar (NH4)  - 2 portions Potash (K2CO3)- Stahl = 96 Anteile Eisen, 3 Anteile Kohlenstoff, 1 Anteil Sauerstoff- Polyvinylchlorid (PVC) = 57% Steinsalz = 60% Chlorid, 40% Natrium, 43% Öl = 85% Kohlenstoff, 15% Wasserstoff",2/22/2018 1:18:15 PM,3/19/2018 1:57:36 PM
26888,50,1,41,,,Sound System,https://freesound.org/,2/22/2018 2:01:14 PM,3/19/2018 1:57:36 PM
26888,51,1,43,,,Health and Damage Philosophies,"| **From 1**                  | **to 10 **             | V             | Why           || -------------               | -------------:         | --- | ------------ || Rogue-like / Permadeath     | No-cost save points    | 5 | Player should not want to be dead - experience is much more intensive || No healing                  | Tons of healing        | 5 | We have some automatic healing mechanisms like droids or repairing systems || 1-hit health                | Unkillable             | 3 - 8 | This depends how the player playes - he can do plenty adjustments to be a glass cannon or a tank || Easy combat skill           | Hard-core combat skill | 3 | Fight is part of the game, but loot and craft is more important || Relaxing combat             | Stressful combat       | 5 | Combat should be challenging, but only a little bit || No player upgrades          | Everything is upgradeable | 12 | This is the most important part of the game. Everthing, realy everything is made of other things and can be adjusted by crafting || All combat                  | All Story              | 3 | Its more the combination from fight, loot and craft, as from a particular story |",2/24/2018 5:03:21 PM,3/19/2018 1:57:34 PM
26888,52,1,43,,,Stats Spreadsheet,https://docs.google.com/spreadsheets/d/1lmbjQYoOyI5c8aivyJzfAyXGddI9HTho7mJ-nXVogf0/edit#gid=1419295219,2/24/2018 5:30:13 PM,3/19/2018 1:57:34 PM
26888,53,1,41,,,Enemies,"What type of enemies do FLAC have?https://docs.google.com/spreadsheets/d/1lmbjQYoOyI5c8aivyJzfAyXGddI9HTho7mJ-nXVogf0/edit#gid=1419295219Brainstorming- In general there are machines/robots and living creature like persons and animals- Persons and animals are more hardcoded in terms of ability - only variable is the level - Machines/Robots (MRs) are on the same individuality level as the player itself- There are some Machines/Robots that have a purpose and this definies all stats- Other MRs are totally individual or out of randomnes - so as they build from a cracy person- MRs are lootable - and if components are not destroyed from the fight, there equipment is there and can be recycled or harvested",2/25/2018 11:35:17 AM,3/19/2018 1:57:35 PM
26888,54,1,43,,,Technical Design Preferences,"**Asset Structure**Structure of the Assets directory is mostly defined through the specifications of the Udemy designers of the tutorial. But some things has to be alligned.General idea is to keep this structure and to add in the folders a subfolder ""Store"" to be the parent directory for third party assets from the Unity Asset Store.- Blends & FBX  - Store    - SomeCoolFBX- Camera & UI- Editor- Enemies  - Store    - SomeCoolEnemies    - EvenCoolerEnemies- Materials  - Store    - SomeCollMaterials- Player- Scenes- Standard Assets- Utility  - Store    - Dungeon Architect- Weapons  - Store    - SomeCoolWeapons- World Objects  - Store    - Fooliage    - Free_Rocks    - etc.**Dynamic Objects**We will have many dynamic objects, which are instantiated on run time. Move them in code to a specific directory like Assets/DynamicObjects**Folders in Scene**We use named empty game objects as scene folders. E.g. Enemies, Player, etc.",3/19/2018 1:57:27 PM,3/19/2018 2:24:56 PM
