﻿ProjectId,TaskId,SubTaskId,Title,IsCompleted,CreationDate
26888,5,1,Make your start scene smaller,True,10/4/2017 1:01:36 PM
26888,5,2,Remove enemies,True,10/4/2017 1:01:47 PM
26888,5,3,Create a trigger which start the generated scene,True,10/4/2017 1:02:04 PM
26888,5,4,Create level prefabs with item and enemy spawn points,False,10/4/2017 1:02:54 PM
26888,5,5,Create code for spawning level prefabs,False,10/4/2017 1:04:20 PM
26888,5,6,Create code for spawning items on level prefabs,False,10/4/2017 1:04:42 PM
26888,5,7,Create code for spawning enemies on level prefabs,False,10/4/2017 1:04:58 PM
26888,7,1,"Concrete Steps -
 http://img14.deviantart.net/027e/i/2013/032/f/2/steps_3d_game_asset_by_digitrevx-d5tfm80.jpg",False,6/12/2017 1:17:28 PM
26888,7,2,Barrel - http://i283.photobucket.com/albums/kk313/rakesh_a1/drumforum.jpg,False,6/12/2017 1:21:15 PM
26888,7,4,Metal Shack - https://www.youtube.com/watch?v=GxLcebV1Eq8,False,6/12/2017 1:25:55 PM
26888,7,3,Dumpster - http://www.brianbridwell.com/images/3d7a.jpg,False,6/12/2017 1:24:09 PM
26888,7,6,Wood Pallet - http://i1099.photobucket.com/albums/g386/sziada/PalletGameAsset3.jpg,False,6/12/2017 1:28:58 PM
26888,7,5,Small House - http://3.bp.blogspot.com/-a6Fz1b1tvCE/VKmZYHXLSeI/AAAAAAAAAOE/Uy3sOUKkNNo/s1600/cottage_promo.jpg,False,6/12/2017 1:27:04 PM
26888,7,8,"Street Intersection - Street, Pedastrian Area, Central Reservation, etc. - https://assets.fastcompany.com/image/upload/f_webm/w_707,f_auto,q_70,fl_lossy/fc/3026714-poster-p-arrow.gif",False,6/12/2017 1:36:40 PM
26888,7,7,Park Bench - https://cgcookie.com/app/uploads/2015/03/untitled3-1024x576.png,False,6/12/2017 1:31:05 PM
26888,7,9,Concrete Wall - http://4.bp.blogspot.com/-FteLcK9sCQk/UmHnAtmuXTI/AAAAAAAAAWs/yZY0gX1psWI/s1600/street_set.bmp,False,6/12/2017 1:36:56 PM
26888,7,10,Background Building - https://www.turbosquid.com/3d-models/3d-model-city-buildings/783091,False,6/12/2017 1:53:08 PM
