﻿ProjectId,TaskId,Title,Description,CreatorUserId,MilestoneId,CategoryId,SubCategoryId,StageId,DesignElementId,PlatformId,ImportanceLevelId,EstimatedCost,FinalCost,DueDate,CreationDate,UpdateDate,CompletionDate
26888,1,Create a minimap with revealing the map,- Minimap is on the right top- Fog of war reveals only explored areas of the map - bitmask?- NPCs or goal markers are highlighted in minimap,27564,54020,1,1,1,,,3,0,0,,5/2/2017 11:31:04 AM,1/10/2018 3:57:14 PM,
26888,2,Hardcore Mode,Player can Devise on every level start if he wants to play this level in hardcore mode. When a player died in hardcore - experience and loot are restricted,27564,54020,3,29,1,,,3,0,0,,5/4/2017 6:44:30 AM,1/11/2018 2:43:43 PM,
26888,3,Add the thumbnail of a prefab into the project folder as png for the inventory,https://docs.unity3d.com/ScriptReference/AssetPreview.GetAssetPreview.htmlhttps://docs.unity3d.com/ScriptReference/Texture2D.EncodeToPNG.html,27564,54020,1,1,1,,,3,0,0,,5/11/2017 11:57:58 AM,,
26888,4,Make a list of features which with a description of different solutions of other games,"Write your opinions in you game design document in the right chaptersLike ...Minimap  - In POE is the minimap bad because it doesnt look like the level, you see no obstaclesMovementFighting",27564,54020,3,29,1,,,3,0,0,,5/13/2017 7:19:53 AM,10/4/2017 12:24:46 PM,
26888,5,Create a prototype of a modular level design,All features are hardcoded - but use variable names that determines - this var should be later comming from server- How to start the level- How the level look likes in general- How many tiles/prefabs are used- How many and where items are spawned- How many and where and what for enemies are spawned,27564,54020,1,1,4,,,3,0,0,,5/13/2017 8:24:38 AM,1/10/2018 7:01:39 PM,1/10/2018 7:01:39 PM
26888,6,Make a model in Blender and transfer it in Unity,Videos- Barrel from Blender to Unity - https://www.youtube.com/watch?v=71rRJBqu2KE- This was promising - but where is it gone? - https://www.youtube.com/watch?v=zOr4zqEE8jw&list=PLyelx0TsmSpe6LzDTBr5lXy2aYZYGBBbi- Game Asset Creation - https://www.youtube.com/watch?v=ATE0TzrIhp4,27564,54020,2,10,4,,,3,0,0,,5/13/2017 8:25:02 AM,1/11/2018 2:41:13 PM,1/11/2018 2:41:15 PM
26888,7,Create game assets for your level with MagicaVoxel,"Create Game Assets and try them out in the Path Of Unity Demo Map- Create Industrial Scene - https://s-media-cache-ak0.pinimg.com/736x/eb/10/7d/eb107d333390609562421becade6629a.jpg- Modular 3D Buildings- Try diagonal setting of camera - for better view in game play- Do a house like this modular example - https://www.youtube.com/watch?v=oKakNL1LVXc- Small stones for ressources like iron, steel, etc- Big stones for environment- https://voxelartstore.com/packages/box-and-tools/- https://voxelartstore.com/packages/halloween-ultimate-defense-kit/- https://voxelartstore.com/packages/voxel-office-set/",27564,54020,2,10,4,,,3,0,0,,6/12/2017 1:12:34 PM,10/4/2017 5:11:09 PM,10/4/2017 5:11:08 PM
26888,8,Handle overlapping object titles,"https://forum.unity3d.com/threads/ui-objects-overlapping.447408/1. Check if a new spawned label hits another label 2. When there is a hit, then get top and right border coordinates3. Move the new spawned label to a position on top of the hitted4. When there is a hit again, check if it is possible on the right 5. When not then get top and right of the new hitted and start from beginning",27564,54020,8,56,1,,,3,0,0,,6/12/2017 2:12:06 PM,1/11/2018 2:41:59 PM,
26888,9,Find a solution when the player or enemy is overlapped by geometrie,"When there is an object between camera's view and the player, the object should either become transparent, or the player's silhouette is visible on the object. The player should be visible some kind - outline or one collered shape or blinking something - the user should have a chance to see that there is somethinghttp://answers.unity3d.com/questions/44815/make-object-transparent-when-between-camera-and-pl.html?page=2&pageSize=5&sort=votesShader Solution:https://www.youtube.com/watch?v=00qMZlacZQo",27564,54020,1,1,4,,,3,0,2,,6/12/2017 2:15:03 PM,6/15/2017 8:08:31 AM,6/15/2017 8:08:25 AM
26888,10,Move the origin of MagicaVoxel assets in the middle of the object - or left corner?,,27564,54020,1,1,4,,,3,0,2,,6/12/2017 3:13:34 PM,6/14/2017 8:02:49 AM,6/14/2017 8:02:47 AM
26888,11,Rotate camera about 45 degree to have a better view,,27564,54020,1,1,4,,,3,0,1,,6/12/2017 3:15:30 PM,6/12/2017 3:24:00 PM,6/12/2017 3:23:50 PM
26888,12,Prevent hiding of higher object from camera,,27564,54020,1,1,4,,,3,0,1,,6/12/2017 3:23:41 PM,6/12/2017 3:33:46 PM,6/12/2017 3:33:44 PM
26888,13,Whats the problem with new objects and the pathfinding?,,27564,54020,1,1,4,,,3,0,0,,6/12/2017 3:25:40 PM,1/11/2018 2:42:16 PM,1/11/2018 2:42:18 PM
26888,14,Why have the object a shiny behaviour when the player is moving?,,27564,54020,8,56,1,,,3,0,0,,6/12/2017 3:34:32 PM,1/11/2018 2:40:20 PM,
26888,15,Create a Main Menu,see tutorial at BrackeysMenu Items- Back to Game- Options - Key Binding - Audio - Video - Game Options- Credits- Back to Windows,27564,54020,1,1,1,,,3,0,0,,6/14/2017 8:43:09 AM,1/11/2018 2:52:42 PM,
26888,16,Create an option for showing item label on or off,"When option - Show Item Label - is on, all item labels are always on. The Alt key switch them off. When option is off, no item labels are on, but the Alt key switches them on.",27564,54020,1,1,1,,,3,0,0,,6/14/2017 8:46:07 AM,,
26888,17,"When item label are switched off, items are showing item label, when mouse hits them","It item labeld are switched off and the player moves the mouse over an item, the label appears, and the label can be clicked to loot the item",27564,54020,1,1,1,,,3,0,0,,6/14/2017 8:47:44 AM,,
26888,18,Use images as a base for a model,Use a texture for plane areasUsefull for- Streets- Grounds- Walls- Roofs,27564,54020,2,10,1,,,3,0,0,,6/19/2017 5:33:56 AM,,
26888,19,Steps for level generating,Steps to generate a level and spawn all necessary items1. User login with user name and password - authentification with APEX server1. User choose character - load character list from APEX server1. User start in Home level and can choose a level to play1. Client loads level detail data from server  1. Seed - this number determines the random layout of the level. Server stores changes on the level in this ID  1. Theme of level - layout  1. Rules for level generation  1. Types and quality of enemies and lootable items,27564,54020,3,31,1,,,3,0,0,,10/4/2017 5:38:18 AM,1/11/2018 2:50:14 PM,
26888,20,Make the enemies shatter on death,http://answers.unity3d.com/questions/1006318/script-to-break-mesh-into-smaller-pieces.html,27564,54020,1,1,4,,,3,0,0,,10/4/2017 2:47:39 PM,10/4/2017 6:30:20 PM,10/4/2017 6:30:18 PM
26888,21,Make the camera nearer and the positioning more then POE,,27564,54020,1,1,4,,,3,0,0,,10/4/2017 7:00:41 PM,10/7/2017 6:59:52 AM,10/7/2017 6:59:51 AM
26888,22,Add a exclamation mark over the quest giver,,27564,54020,1,1,1,,,3,0,0,,10/4/2017 7:06:43 PM,,
26888,23,Make a fine text based tutorial for players - that they know what to do,,27564,54020,1,1,1,,,3,0,0,,10/4/2017 7:07:15 PM,,
26888,24,Implement an area damage weapon - let it feel like poe,,27564,54020,1,1,1,,,3,0,0,,10/4/2017 7:28:40 PM,1/11/2018 2:32:20 PM,
26888,25,"Add Audio to moving, fire weapon, hit and destroy enemy",https://www.youtube.com/watch?v=ih8gyGeC7xshttps://www.youtube.com/watch?v=6OT43pvUyfY,27564,54020,6,48,1,,,3,0,0,,10/5/2017 12:31:24 PM,1/11/2018 3:07:29 PM,
26888,26,Implement an audio manager,https://www.youtube.com/watch?v=6OT43pvUyfY,27564,54020,1,1,1,,,3,0,0,,10/5/2017 1:24:32 PM,1/11/2018 3:54:00 PM,
26888,27,A new level will be generated only through configuration of values in db,1. Create new level in db2. Add usable ground floor items3. Add possible enemies4. Configure value like amount and strength5. Unity gets this configuration from server and renders level,27564,54020,3,30,1,,,3,0,0,,10/7/2017 7:04:53 AM,10/7/2017 7:05:11 AM,
26888,28,Upgrade Unity to 2017.3,,27564,54020,1,1,4,,,3,0,0,,1/8/2018 3:42:04 PM,1/9/2018 2:54:22 PM,1/9/2018 2:54:21 PM
26888,29,Prepare a demo with Dungeon Architect,,27564,54020,1,1,4,,,3,0,0,,1/8/2018 3:43:39 PM,1/10/2018 7:01:18 PM,1/10/2018 7:01:19 PM
26888,30,Check in the project to GitHub,http://www.studica.com/blog/how-to-setup-github-with-unity-step-by-step-instructions,27564,54020,1,1,4,,,3,0,0,,1/8/2018 3:44:15 PM,1/10/2018 3:52:39 PM,1/10/2018 3:52:40 PM
26888,31,Create a Login Menu,see at Brackeys1. Connect to APEX1. Authorize the player1. Handle session id in Unity1. Every loading and saving of data uses session id1. Handle invalid session id in Unity,27564,,1,1,1,,,3,0,0,,1/10/2018 6:26:07 AM,3/8/2018 8:33:06 AM,
26888,32,Create a Settings Menu,,27564,54020,1,1,1,,,3,0,0,,1/10/2018 6:26:31 AM,1/11/2018 2:52:56 PM,
26888,33,Create a Pause Menu,,27564,54020,1,1,1,,,3,0,0,,1/10/2018 6:27:31 AM,1/11/2018 2:53:08 PM,
26888,34,Create a crafting prototype in APEX - based on the game items,Player can craft in webbased application on item of the game,27564,54020,1,1,1,,,3,0,0,,1/11/2018 2:31:08 PM,,
26888,35,"Make Item drop, loot and inventory persistent",,27564,54020,1,1,1,,,3,0,0,,1/11/2018 2:31:45 PM,,
26888,36,Make experience points and player level persistent in APEX database,,27564,54020,1,1,1,,,3,0,0,,1/11/2018 2:33:41 PM,,
26888,37,Create a Character Choose Menu,,27564,54020,1,1,1,,,3,0,0,,1/11/2018 2:52:24 PM,1/11/2018 2:52:37 PM,
26888,38,Export project to webbased format,,27564,54020,1,1,1,,,3,0,0,,1/11/2018 3:20:01 PM,,
26888,39,Make Dungeon Architect level dynamcly created on scene start,,27564,54020,1,1,1,,,3,0,0,,1/11/2018 3:33:34 PM,,
26888,40,Add Dungeon Architect to gitignore,,27564,54020,1,1,4,,,3,0,0,,1/11/2018 3:55:05 PM,1/17/2018 1:16:37 PM,1/17/2018 1:16:35 PM
26888,41,Generated loot should be stored in an extra folder in game hierarchy,,27564,54020,8,56,1,,,3,0,0,,1/11/2018 4:00:04 PM,,
26888,42,Create a cutscene with Cinemachine and Timeline,Brackeys: https://www.youtube.com/watch?v=Gx9gZ9cfryshttps://unity3d.com/de/how-to/cutscenes-cinematics-with-timeline-and-cinemachine,27564,54020,2,12,1,,,3,0,0,,2/13/2018 2:50:59 PM,2/13/2018 2:51:54 PM,
26888,43,Create your own house with ProBuilder + ProGrids,https://www.youtube.com/watch?v=xEEUhSyrq7M,27564,,2,10,1,,,3,0,0,,3/8/2018 8:40:17 AM,3/15/2018 4:22:34 PM,
26888,44,Create a nicer mousecursor,http://www.rw-designer.com/cursor-set/aystics-chrome,27564,126200,3,33,4,,,3,0,0,,3/8/2018 8:40:58 AM,3/12/2018 6:40:40 PM,3/12/2018 6:40:41 PM
26888,45,"Prepare a storyboard - how the ""movie"" workflow should be","- Black screen - Slowly fading the words ""Fight"", then "", Loot"" and on the end ""and Craft"" - 3-5 seconds- The camera moves slowly over the terrain - evt. greyscale or wrong colors like blueish or redish- Slowly are more and more details showing up- Camera effekt is out of focus - and gets sharper and sharper- Very far sound - muffled conversation - sound comes nearer and clearer- The voices are from computer modulates voices- You can here paper and junk throwed away - someone is putting junk away- Voice 1: Hey look what I found! Here is someone.- Voice 2: Looks like a robot!- Voice 1: Who left him here?- Voice 2: Is he allright?- Voice 1: He has no energy!- Voice 2: Do you have a power cell?- Voice 1: No, but I can give him some energy from my battery!- Voice 2: Is it working?- Voice 1: Yea it looks like.- Slowly are starting sounds hearable. Like an old computer. Drrrr - rch, rch, rch - peep- Voice 1: He is booting- Voice 2: Quiet - they are coming- Voice 2: Come on - we must hurry- Voice 1: He is to heavy to carry- Voice 2: Come on - we'll get him later- Voice 1: Bye bye Mr. Robot- Fighting sound far away- Camera show now the robot in detail - he is laying on the ground and stand up real slow - until he is standig there and look around- Camera moves slowly up to ""Play"" distance- End of timeline cutscene- Start to run with the character to the designed places- Run around the corner- Enemies runnig torward player- When enemies nearby they disappear in cloud of exaggerated particle effect- Run down the hill - more enemies are in the way- Player runs left on street - but there are dozends of enemies- Player turn and runs to some people who screams - come here- Big explosion- Sequence from beginning is restarting - camera movement - sharpness - voice from off ...- Announcer: And sometime things run differently ...- Camera show now the robot in detail - he is laying on the ground and stand up real slow - until he is standig there and look around- Camera moves slowly up to ""Play"" distance- Sound schtoonkkkk- Camera fadeout- Credits",27564,126200,5,45,1,,,3,0,0,,3/8/2018 8:41:38 AM,3/17/2018 8:59:40 AM,
26888,46,Integrate some modern houses,https://assetstore.unity.com/packages/3d/environments/urban/uk-terraced-houses-pack-free-63481,27564,,3,32,1,,,3,0,0,,3/8/2018 8:42:23 AM,3/15/2018 4:23:08 PM,
26888,48,"Create an effect on the floor, when the user clicks on ground",1. Spawn a thin donut on click point2. Animate to double size3. Destroy object,27564,,1,1,1,,,3,0,0,,3/8/2018 8:43:19 AM,3/15/2018 6:36:26 PM,
26888,49,Implement an audio manager,https://www.youtube.com/watch?v=6OT43pvUyfY,27564,126200,1,1,1,,,3,0,0,,3/8/2018 8:43:38 AM,,
26888,50,Implement cut scene integration before player can play,Start cutscene from SceneManager script,27564,126200,1,1,1,,,3,0,0,,3/8/2018 8:44:06 AM,3/17/2018 8:58:29 AM,
26888,51,Add exaggerated particle effect for the dream vision disappearing of enemies,,27564,126200,2,23,1,,,3,0,0,,3/8/2018 8:44:26 AM,,
26888,52,Add sound effects - to the game - footsteps - fighting/disappearing,https://unity3d.com/de/learn/tutorials/topics/audio/sound-effects-scripting,27564,126200,6,48,1,,,3,0,0,,3/8/2018 8:44:43 AM,3/8/2018 1:14:56 PM,
26888,53,"Add sound effects - to the video - voiceover, etc.",,27564,126200,5,45,1,,,3,0,0,,3/8/2018 8:45:03 AM,,
26888,54,Make the level nicer with more details,- On startpoint on hill we need a small wooden shack with some junk where the character is buried,27564,126200,3,32,1,,,3,0,0,,3/8/2018 8:47:03 AM,,
26888,55,Prepare a good Mark Devile music as background for the video,"Dependend on the video - prepare a fitting composition - starting smooth, getting wild, getting very wild and chillout on the end",27564,126200,6,49,1,,,3,0,0,,3/8/2018 8:47:37 AM,,
26888,56,Create video walkthrough with OBS,,27564,126200,5,45,1,,,3,0,0,,3/8/2018 8:48:01 AM,,
26888,57,View some game trailer to copy some cool mechanisms,,27564,126200,5,45,4,,,3,0,0,,3/8/2018 8:48:32 AM,3/17/2018 8:59:24 AM,3/17/2018 8:59:23 AM
26888,58,Healthbar for enemies and player is only red - without green - instead black,,27564,126200,3,33,4,,,3,0,0,,3/8/2018 8:48:52 AM,3/8/2018 6:46:45 PM,3/8/2018 6:46:46 PM
26888,59,Try out Easyroads3d free - for some nice roads,https://assetstore.unity.com/packages/3d/characters/easyroads3d-free-987,27564,126200,3,33,4,,,3,0,0,,3/8/2018 8:49:50 AM,3/8/2018 8:51:14 AM,3/8/2018 8:51:15 AM
26888,60,Add weapons from asset store and your own to the enemies,,27564,126200,3,32,4,,,3,0,0,,3/8/2018 8:50:10 AM,3/8/2018 8:51:20 AM,3/8/2018 8:51:21 AM
26888,61,Remove weapon from player,,27564,126200,3,31,4,,,3,0,0,,3/8/2018 8:50:24 AM,3/8/2018 8:51:24 AM,3/8/2018 8:51:25 AM
26888,62,Add postprocessing stack to the scene and find some good settings,,27564,126200,3,32,4,,,3,0,0,,3/8/2018 8:50:42 AM,3/8/2018 8:51:28 AM,3/8/2018 8:51:28 AM
26888,63,Move camera more fare away - player smaller,,27564,126200,3,32,4,,,3,0,0,,3/8/2018 8:50:55 AM,3/8/2018 8:51:31 AM,3/8/2018 8:51:31 AM
26888,64,Move player healthbar to the left,,27564,126200,3,33,4,,,3,0,0,,3/8/2018 8:51:05 AM,3/8/2018 8:51:33 AM,3/8/2018 8:51:34 AM
26888,65,Add trees and foliage from unity asset store to the project,,27564,126200,3,33,4,,,3,0,0,,3/8/2018 8:52:57 AM,3/8/2018 8:53:41 AM,3/8/2018 8:53:42 AM
26888,66,Add trees and foliage to the start area and in the level background (down),,27564,126200,3,32,4,,,3,0,0,,3/8/2018 8:53:14 AM,3/8/2018 8:53:45 AM,3/8/2018 8:53:46 AM
26888,67,Move the mill to a position down of the player to show the mill better,,27564,126200,3,32,4,,,3,0,0,,3/8/2018 8:53:23 AM,3/8/2018 8:53:49 AM,3/8/2018 8:53:49 AM
26888,68,Add a farm down the hill on the left side,,27564,126200,3,32,4,,,3,0,0,,3/8/2018 8:53:34 AM,3/8/2018 8:53:51 AM,3/8/2018 8:53:52 AM
26888,69,Create some nice screenshot and fake some UI or mechanics for presentation on your blog,,27564,126200,5,45,1,,,3,0,0,,3/8/2018 8:55:02 AM,,
26888,70,Define your enemy stats,,27564,54020,3,31,1,,,3,0,0,,3/8/2018 8:56:45 AM,,
26888,71,Setup your companion healer,,27564,54020,3,31,1,,,3,0,0,,3/8/2018 8:57:06 AM,,
26888,72,Create your enemies as prefabs,,27564,54020,3,31,1,,,3,0,0,,3/8/2018 8:57:22 AM,,
26888,73,Create a list of all similiar games with their pros and cons,,27564,54020,3,31,1,,,3,0,0,,3/8/2018 8:57:48 AM,,
26888,74,Take a look at this stats script,https://www.assetstore.unity3d.com/en/?stay#!/content/106351,27564,54020,3,31,1,,,3,0,0,,3/8/2018 8:58:04 AM,,
26888,75,"Take a look at the new stuff like ProBuilder, ProGrid and Polybrush",https://blogs.unity3d.com/2018/02/15/probuilder-joins-unity-offering-integrated-in-editor-advanced-level-design/Probuilder:- https://www.youtube.com/watch?v=CBa_opm3_GM&feature=youtu.be,27564,54020,3,32,1,,,3,0,0,,3/8/2018 8:58:37 AM,,
26888,76,Create starting cutscene for video - see storyboard,Timeline & Character Animation- https://www.youtube.com/watch?v=Y1mwswiuung- https://unity3d.com/de/learn/tutorials/topics/animation/using-timeline-working-animation-clipsMake black & white- Post Processing - Color Grading - Red Green Blue - all to 1Create a blur effect for the starting cutscene- https://forum.unity.com/threads/solved-dynamic-blurred-background-on-ui.345083/- https://docs.unity3d.com/Manual/PostProcessing-MotionBlur.html,27564,126200,3,32,1,,,3,0,0,,3/8/2018 11:30:26 AM,3/16/2018 8:09:58 AM,
26888,77,Create a path in a wood from tutorial of Syko,https://www.youtube.com/watch?v=OPpGAFhk8Cg,27564,,3,32,1,,,3,0,0,,3/8/2018 12:05:07 PM,3/15/2018 4:23:24 PM,
26888,78,Create a shack on the starting point with junk on it where the character is burried,"Models- Cardboxes, metal plates, junk, barrels, bags, pipes- https://assetstore.unity.com/search/?order_by=relevance&q=price%3A0&q=box&rows=42- https://assetstore.unity.com/packages/3d/environments/industrial/pipers-63800Sounds- https://freesound.org/people/ErikH2000/sounds/213067/- https://freesound.org/people/alienistcog/sounds/125726/- https://freesound.org/people/ohrpilot/sounds/181993/- https://freesound.org/people/felix.blume/sounds/171084/",27564,126200,3,32,4,,,3,0,0,,3/8/2018 1:31:38 PM,3/13/2018 5:52:08 PM,3/13/2018 5:52:09 PM
26888,79,Create a door on the startpoint into the mountain,,27564,126200,3,32,4,,,3,0,0,,3/8/2018 6:20:48 PM,3/8/2018 6:20:54 PM,3/8/2018 6:20:54 PM
26888,80,Implement selfdriving trucks,,27564,,3,32,1,,,3,0,0,,3/8/2018 7:48:28 PM,3/8/2018 7:49:00 PM,
26888,81,Add subtitles to the intro sequence,,27564,126200,1,1,1,,,3,0,0,,3/10/2018 7:44:25 AM,,
26888,82,Add a free skybox - and take a look at your lighting,https://youtu.be/wwm98VdzD8s,27564,126200,2,20,2,,,3,0,0,,3/12/2018 6:24:39 AM,3/17/2018 9:00:00 AM,
26888,83,Clean up the asset folder - remove all not needed ressources,,27564,54020,1,3,2,,,3,0,0,,3/13/2018 4:09:30 PM,3/17/2018 8:59:51 AM,
26888,84,"Repair the background of the terrain - it should not be possible to see ""nothing""",,27564,126200,8,58,1,,,3,0,0,,3/15/2018 6:13:17 PM,3/15/2018 6:37:13 PM,
26888,85,Take a look at all assets in assetstore - last page 39,,27564,126200,3,29,1,,,3,0,0,,3/17/2018 9:23:58 AM,3/19/2018 12:45:13 PM,
26888,86,Create an example for structure in assets folder,/Assets/World Objects/Village/Prefabs?,27564,126200,3,29,1,,,3,0,0,,3/17/2018 10:21:21 AM,,
26888,87,"Create interactive objects - doors, chests and drawers",https://youtu.be/a5WXiMN3APk,27564,,3,29,1,,,3,0,0,,3/19/2018 6:36:38 AM,,
26888,88,Make roofs tranparent when player enters,https://youtu.be/nNjNWDZSkAI,27564,,3,29,1,,,3,0,0,,3/19/2018 6:42:35 AM,,
