﻿ProjectId,TaskId,Title,Description,CreatorUserId,MilestoneId,CategoryId,SubCategoryId,StageId,DesignElementId,PlatformId,ImportanceLevelId,EstimatedCost,FinalCost,DueDate,CreationDate,UpdateDate,CompletionDate
51074,1,Add trees and foliage from unity asset store to the project,,27564,118954,3,32,1,,,3,0,0,,2/13/2018 5:44:17 PM,2/13/2018 5:45:18 PM,
51074,2,Add trees and foliage to the start area and in the level background (down),,27564,118954,3,32,1,,,3,0,0,,2/13/2018 5:46:12 PM,,
51074,3,Add a farm down the hill on the left side,,27564,118954,3,32,1,,,3,0,0,,2/13/2018 5:46:37 PM,,
51074,4,Move the mill to a position down of the player to show the mill better,,27564,118954,3,32,1,,,3,0,0,,2/13/2018 5:47:11 PM,,
51074,5,Add postprocessing stack to the scene,,27564,118954,3,32,1,,,3,0,0,,2/13/2018 6:01:33 PM,,
51074,6,Create a list of all similiar games with their pros and cons,,27564,118954,3,29,1,,,3,0,0,,2/17/2018 9:18:36 AM,,
51074,7,Take a look at this stats script,https://www.assetstore.unity3d.com/en/?stay#!/content/106351,27564,118954,3,29,1,,,3,0,0,,2/19/2018 6:38:34 AM,,
51074,8,Try out Easyroads3d free - for some nice roads,https://assetstore.unity.com/packages/3d/characters/easyroads3d-free-987,27564,118954,3,29,1,,,3,0,0,,2/22/2018 9:30:27 AM,2/25/2018 11:41:06 AM,
51074,9,Setup your companion healer,,27564,118954,3,29,1,,,3,0,0,,2/25/2018 11:41:23 AM,2/26/2018 1:25:22 PM,
51074,10,Define your enemy stats,,27564,118954,3,29,1,,,3,0,0,,2/25/2018 11:41:39 AM,2/26/2018 1:25:23 PM,
51074,11,Create your enemies as prefabs,,27564,118954,3,29,1,,,3,0,0,,2/25/2018 11:42:06 AM,2/26/2018 1:25:20 PM,
51074,12,Create a little next steps plan for a first demo version,,27564,118954,3,29,1,,,3,0,0,,2/26/2018 1:25:09 PM,2/26/2018 1:25:25 PM,
